model_id,mean_per_class_error,logloss,rmse,mse
GBM_grid_1_AutoML_5_20260726_213005_model_48,0.0058479532163742,0.0346224685689946,0.1014755410510642,0.0102972854316062
GBM_grid_1_AutoML_5_20260726_213005_model_14,0.0058479532163742,0.0198888140883794,0.0758390277334903,0.0057515581275611
GBM_3_AutoML_5_20260726_213005,0.0058479532163742,0.0313218610125321,0.095156470265974,0.0090547538334791
GBM_grid_1_AutoML_5_20260726_213005_model_57,0.0058479532163742,0.0372297374393821,0.0999855634295609,0.0099971128943267
GBM_grid_1_AutoML_5_20260726_213005_model_88,0.0058479532163742,0.0254441048186245,0.0871619300065201,0.0075972020424615
GBM_grid_1_AutoML_5_20260726_213005_model_68,0.0058479532163742,0.0285886755369746,0.0911455338661217,0.0083075083437403
GBM_grid_1_AutoML_5_20260726_213005_model_20,0.0058479532163742,0.0282854826136988,0.090296984420129,0.008153545395369
GBM_grid_1_AutoML_5_20260726_213005_model_35,0.0058479532163742,0.0269302653217944,0.0856173529495396,0.007330331126086
DRF_1_AutoML_5_20260726_213005,0.0058479532163742,0.1250698232081705,0.1586283872436057,0.0251629652395073
GBM_grid_1_AutoML_5_20260726_213005_model_77,0.0058479532163742,0.0150428774346296,0.0681278145970736,0.0046413991217732
GBM_grid_1_AutoML_5_20260726_213005_model_104,0.0058479532163742,0.0271395343451811,0.0915311890980089,0.0083779585776954
GBM_grid_1_AutoML_5_20260726_213005_model_58,0.0058479532163742,0.0306577626052292,0.092104235747085,0.0084831902425546
GBM_grid_1_AutoML_5_20260726_213005_model_42,0.0058479532163742,0.034217661779537,0.1041708460563186,0.0108515651680892
GBM_grid_1_AutoML_5_20260726_213005_model_18,0.0058479532163742,0.033862150250029,0.0959733886030349,0.0092108913199491
GBM_grid_1_AutoML_5_20260726_213005_model_39,0.0058479532163742,0.0313535493782166,0.0905627012454602,0.0082016028568744
GBM_grid_1_AutoML_5_20260726_213005_model_89,0.0058479532163742,0.0217104368907319,0.0804935728250894,0.0064792152661479
GBM_grid_1_AutoML_5_20260726_213005_model_8,0.0058479532163742,0.0267077616566069,0.0863548876990524,0.0074571666295159
GBM_grid_1_AutoML_5_20260726_213005_model_36,0.0058479532163742,0.0427535308483023,0.1099295191071364,0.0120844991711262
GBM_grid_1_AutoML_5_20260726_213005_model_98,0.0058479532163742,0.0348651466081753,0.0945576928327086,0.0089411572738448
GBM_grid_1_AutoML_5_20260726_213005_model_65,0.0058479532163742,0.0346911785557757,0.0997891952625107,0.0099578834911394
GBM_grid_1_AutoML_5_20260726_213005_model_112,0.0058479532163742,0.0330785453507028,0.0957620893795609,0.009170377762339
GBM_grid_1_AutoML_5_20260726_213005_model_95,0.0058479532163742,0.0355630234578566,0.0995405027206085,0.0099083116818714
GBM_grid_1_AutoML_5_20260726_213005_model_78,0.0058479532163742,0.036856251873194,0.1002458074742119,0.0100492219161567
GBM_grid_1_AutoML_5_20260726_213005_model_40,0.0058479532163742,0.024652195562219,0.0815661834526432,0.0066530422830302
GBM_grid_1_AutoML_5_20260726_213005_model_54,0.0058479532163742,0.0353519085527757,0.098153450814348,0.0096340999067646
GBM_grid_1_AutoML_5_20260726_213005_model_82,0.0058479532163742,0.0270630203393812,0.0879552684670569,0.007736129251112
GBM_grid_1_AutoML_5_20260726_213005_model_10,0.0058479532163742,0.0259639927260337,0.0846778356625117,0.0071703358524873
GBM_grid_1_AutoML_5_20260726_213005_model_87,0.0058479532163742,0.0344663702567888,0.1004419804618232,0.0100885914390932
GBM_grid_1_AutoML_5_20260726_213005_model_59,0.0058479532163742,0.0290975453566187,0.0860823137210355,0.0074101647355667
GBM_grid_1_AutoML_5_20260726_213005_model_17,0.0058479532163742,0.0250430192915113,0.0859487760808275,0.0073871921097922
GBM_grid_1_AutoML_5_20260726_213005_model_13,0.0058479532163742,0.0328002437004245,0.095002905145568,0.0090255519860977
GBM_grid_1_AutoML_5_20260726_213005_model_84,0.0058479532163742,0.0332011108596598,0.0954284930962751,0.0091065972946258
GBM_grid_1_AutoML_5_20260726_213005_model_96,0.0058479532163742,0.02483422785191,0.0846811521180259,0.0071708975240362
GBM_grid_1_AutoML_5_20260726_213005_model_93,0.0058479532163742,0.0317602840889416,0.0921191913959446,0.0084859454234426
GBM_grid_1_AutoML_5_20260726_213005_model_45,0.0058479532163742,0.0315119187131657,0.0893978071208076,0.0079919679180091
GBM_grid_1_AutoML_5_20260726_213005_model_47,0.0058479532163742,0.0390908353491006,0.1016840241953193,0.0103396407765542
GBM_grid_1_AutoML_5_20260726_213005_model_69,0.0058479532163742,0.0380435554672826,0.099069421566085,0.0098147502894386
GBM_lr_annealing_selection_AutoML_5_20260726_213005_select_model,0.0058479532163742,0.0520975763019774,0.1147937574583828,0.013177606751414
GBM_grid_1_AutoML_5_20260726_213005_model_52,0.0058479532163742,0.0320275325862359,0.093919426203338,0.0088208586183642
GBM_grid_1_AutoML_5_20260726_213005_model_108,0.0116959064327485,0.049765741730636,0.1204902498400988,0.0145179003065294
GBM_grid_1_AutoML_5_20260726_213005_model_102,0.0116959064327485,0.0322334532157405,0.0982874130146955,0.0096604155571213
GBM_grid_1_AutoML_5_20260726_213005_model_28,0.0116959064327485,0.0410448303139027,0.1072277548156725,0.0114977914028099
GBM_grid_1_AutoML_5_20260726_213005_model_30,0.0116959064327485,0.0276304461168391,0.092067403868514,0.008476406855088
GBM_grid_1_AutoML_5_20260726_213005_model_105,0.0116959064327485,0.0379340966469682,0.1038216450712764,0.010778933985306
GBM_grid_1_AutoML_5_20260726_213005_model_85,0.0116959064327485,0.0441686605292729,0.1199180759020906,0.0143803449280595
GBM_grid_1_AutoML_5_20260726_213005_model_92,0.0116959064327485,0.0396190567944534,0.1045669785939103,0.0109342530122593
GBM_grid_1_AutoML_5_20260726_213005_model_75,0.0116959064327485,0.0297928872931565,0.091281574506848,0.0083323258444492
GBM_grid_1_AutoML_5_20260726_213005_model_91,0.0116959064327485,0.0559645479282563,0.1247292190513965,0.0155573780851712
GBM_grid_1_AutoML_5_20260726_213005_model_41,0.0116959064327485,0.0313052620039215,0.0961366115931787,0.0092422480886177
GBM_grid_1_AutoML_5_20260726_213005_model_12,0.0116959064327485,0.0498022722648687,0.116192944183215,0.0135008002779637
GBM_grid_1_AutoML_5_20260726_213005_model_106,0.0116959064327485,0.0334713037698103,0.0971988457118166,0.0094476156077095
GBM_grid_1_AutoML_5_20260726_213005_model_16,0.0116959064327485,0.0368516850942358,0.099791054630379,0.0099582545842432
GBM_grid_1_AutoML_5_20260726_213005_model_83,0.0116959064327485,0.0306852112706816,0.0930951212811302,0.0086667016063483
GBM_grid_1_AutoML_5_20260726_213005_model_61,0.0116959064327485,0.0260364670171827,0.0940179607906559,0.0088393769512333
GBM_grid_1_AutoML_5_20260726_213005_model_46,0.0116959064327485,0.0369824670498145,0.106887926875793,0.0114250289118048
GBM_grid_1_AutoML_5_20260726_213005_model_114,0.0116959064327485,0.0496402576433816,0.1221362902979572,0.0149172734077468
GBM_grid_1_AutoML_5_20260726_213005_model_56,0.0116959064327485,0.0410734349780744,0.1158182172725336,0.0134138594521878
GBM_grid_1_AutoML_5_20260726_213005_model_81,0.0116959064327485,0.0355780631778957,0.1041695472227722,0.0108512945685973
GBM_grid_1_AutoML_5_20260726_213005_model_15,0.0116959064327485,0.033606951390707,0.0975154244686365,0.0095092580092983
GBM_grid_1_AutoML_5_20260726_213005_model_4,0.0116959064327485,0.038018835339765,0.110337347048371,0.0121743301536726
GBM_grid_1_AutoML_5_20260726_213005_model_29,0.0116959064327485,0.0422872285894622,0.1134743173270812,0.0128764206928471
GBM_grid_1_AutoML_5_20260726_213005_model_55,0.0116959064327485,0.0549845231002438,0.1250382825606942,0.015634572105728
GBM_grid_1_AutoML_5_20260726_213005_model_6,0.0116959064327485,0.0242844609187963,0.0862574062952873,0.0074403401407902
GBM_grid_1_AutoML_5_20260726_213005_model_37,0.0116959064327485,0.0445891119406526,0.1114185514342286,0.0124140936037018
GBM_grid_1_AutoML_5_20260726_213005_model_79,0.0116959064327485,0.0470173207029757,0.1188456493318908,0.0141242883651187
GBM_grid_1_AutoML_5_20260726_213005_model_107,0.0116959064327485,0.0432938231974091,0.113377188722959,0.0128543869227214
GBM_grid_1_AutoML_5_20260726_213005_model_116,0.0116959064327485,0.0218232999773449,0.085730736724666,0.007349759219354
XRT_1_AutoML_5_20260726_213005,0.0116959064327485,0.1302628900662041,0.1722992939190633,0.0296870466850077
GBM_grid_1_AutoML_5_20260726_213005_model_31,0.0116959064327485,0.0235698548613962,0.0825472109488012,0.0068140420354258
StackedEnsemble_BestOfFamily_1_AutoML_5_20260726_213005,0.0129401517979345,0.1886206463865464,0.2097745442549353,0.0440053594173658
GBM_grid_1_AutoML_5_20260726_213005_model_63,0.0129401517979345,0.0422118282606207,0.1134137190908643,0.0128626716780214
GBM_grid_1_AutoML_5_20260726_213005_model_24,0.0129401517979345,0.0416633568239226,0.1163204166758583,0.0135304393356453
GBM_grid_1_AutoML_5_20260726_213005_model_73,0.0129401517979345,0.0357576612219458,0.1039705280484073,0.0108098707026646
GBM_grid_1_AutoML_5_20260726_213005_model_34,0.0129401517979345,0.0368092999610448,0.1020154467196505,0.0104071513694098
GBM_grid_1_AutoML_5_20260726_213005_model_100,0.0129401517979345,0.0337339696370051,0.1013376125292634,0.0102693117131311
GBM_grid_1_AutoML_5_20260726_213005_model_90,0.0129401517979345,0.0390730380036539,0.1108280122376803,0.0122828482965554
GBM_grid_1_AutoML_5_20260726_213005_model_19,0.0129401517979345,0.0426349692406272,0.1099228223421138,0.0120830268716559
StackedEnsemble_BestOfFamily_2_AutoML_5_20260726_213005,0.0129401517979345,0.1921706662833495,0.2131823443337876,0.0454467119356496
StackedEnsemble_AllModels_2_AutoML_5_20260726_213005,0.0129401517979345,0.1836272835697503,0.2111470382690538,0.0445830717697933
StackedEnsemble_BestOfFamily_3_AutoML_5_20260726_213005,0.0129401517979345,0.2176801839974565,0.2385817884660771,0.0569212697876719
GBM_5_AutoML_5_20260726_213005,0.0175438596491228,0.0539796435053791,0.1295549821138798,0.0167844933905277
GBM_grid_1_AutoML_5_20260726_213005_model_27,0.0175438596491228,0.0490862014429969,0.1291456379673685,0.0166785958059986
GBM_grid_1_AutoML_5_20260726_213005_model_71,0.0175438596491228,0.04208304182908,0.1176943421239304,0.0138519581679848
GBM_grid_1_AutoML_5_20260726_213005_model_86,0.0175438596491228,0.0510083424594989,0.1263797023603463,0.0159718291686897
GBM_grid_1_AutoML_5_20260726_213005_model_49,0.0175438596491228,0.0395901687449858,0.115931923065983,0.013440210785777
DeepLearning_grid_1_AutoML_5_20260726_213005_model_7,0.0187881050143088,0.0914131456388977,0.1410391203298073,0.0198920334634058
GBM_grid_1_AutoML_5_20260726_213005_model_109,0.0187881050143088,0.0404956217077077,0.1182702934534503,0.0139878623135652
GBM_grid_1_AutoML_5_20260726_213005_model_1,0.0187881050143088,0.0323602070581843,0.1043519069503767,0.01088932048418
GBM_2_AutoML_5_20260726_213005,0.0200323503794948,0.0422917833385197,0.1167501000133637,0.0136305858531304
StackedEnsemble_AllModels_1_AutoML_5_20260726_213005,0.0200323503794948,0.1927532471190199,0.2161021346304269,0.0467001325918271
GBM_grid_1_AutoML_5_20260726_213005_model_26,0.0200323503794948,0.0408655238741776,0.1106089077600061,0.0122343304758615
GBM_4_AutoML_5_20260726_213005,0.0200323503794948,0.0397566872141122,0.1103298067809841,0.0121726662643292
DeepLearning_grid_2_AutoML_5_20260726_213005_model_3,0.0204678362573099,0.0600289953528856,0.1383634951249896,0.019144456783203
StackedEnsemble_AllModels_4_AutoML_5_20260726_213005,0.0204678362573099,0.1767858866561612,0.1909619146817028,0.0364664528589019
StackedEnsemble_AllModels_3_AutoML_5_20260726_213005,0.0204678362573099,0.1736860563163263,0.1880993986045565,0.0353813837553958
GBM_grid_1_AutoML_5_20260726_213005_model_44,0.0204678362573099,0.0276956501581248,0.0931701258154431,0.0086806723444655
DeepLearning_grid_1_AutoML_5_20260726_213005_model_4,0.0204678362573099,0.2871630845348001,0.1476253109510078,0.0217932324333817
DeepLearning_grid_1_AutoML_5_20260726_213005_model_11,0.0204678362573099,0.0987821704285242,0.146474549085081,0.0214547935296778
GBM_grid_1_AutoML_5_20260726_213005_model_53,0.023391812865497,0.0741749919582507,0.1535394351294401,0.0235743581398675
DeepLearning_grid_3_AutoML_5_20260726_213005_model_2,0.023391812865497,0.0806382947685923,0.151354441397757,0.022908166930827
GBM_grid_1_AutoML_5_20260726_213005_model_62,0.023391812865497,0.0360454511570175,0.111134998033831,0.0123509877879796
DeepLearning_grid_1_AutoML_5_20260726_213005_model_3,0.023391812865497,0.1017460683052941,0.1645804297000429,0.0270867178402507
GBM_grid_1_AutoML_5_20260726_213005_model_101,0.024636058230683,0.0404054379813676,0.1148837561270504,0.0131982774218596
DeepLearning_grid_1_AutoML_5_20260726_213005_model_6,0.024636058230683,0.0790806407020648,0.1474045254962001,0.0217280941367599
GBM_grid_1_AutoML_5_20260726_213005_model_76,0.0258803035958691,0.0652762685583305,0.1466995692617413,0.0215207636215804
GBM_grid_1_AutoML_5_20260726_213005_model_22,0.0258803035958691,0.0642281597647418,0.1435684061680679,0.0206118872496393
GBM_grid_1_AutoML_5_20260726_213005_model_66,0.0258803035958691,0.0593798587125777,0.1434923192892865,0.0205900456950185
DeepLearning_grid_1_AutoML_5_20260726_213005_model_2,0.0263157894736842,0.0805468598141484,0.1524024275504971,0.0232264999232845
GBM_grid_1_AutoML_5_20260726_213005_model_5,0.0271245489610551,0.0607829730832664,0.1433601716012258,0.0205521388015329
DeepLearning_grid_1_AutoML_5_20260726_213005_model_9,0.0292397660818713,0.0651773844903125,0.1425323630577843,0.020315474518836
DeepLearning_grid_1_AutoML_5_20260726_213005_model_5,0.0321637426900584,0.100868615409802,0.1659995343265943,0.0275558453966461
GLM_1_AutoML_5_20260726_213005,0.0321637426900584,0.0885840687623758,0.1621401950786074,0.0262894428601288
DeepLearning_grid_1_AutoML_5_20260726_213005_model_12,0.0321637426900584,0.1383204651282446,0.1795687295406889,0.0322449286288571
GBM_grid_1_AutoML_5_20260726_213005_model_3,0.0329725021774293,0.0603597966427287,0.142896218905709,0.0204193293775483
GBM_grid_1_AutoML_5_20260726_213005_model_70,0.0329725021774293,0.051332567692601,0.1313223370263282,0.0172455562020565
GBM_grid_1_AutoML_5_20260726_213005_model_23,0.0329725021774293,0.0773952513069654,0.1609084052596167,0.025891514883193
GBM_grid_1_AutoML_5_20260726_213005_model_9,0.0346522334204305,0.0714437421487333,0.1519174341922541,0.0230789068115578
GBM_grid_1_AutoML_5_20260726_213005_model_94,0.0346522334204305,0.0707700681847301,0.1538613573519338,0.0236733172861794
DeepLearning_grid_3_AutoML_5_20260726_213005_model_3,0.0350877192982456,0.0865508205943149,0.1588304398152514,0.0252271086119062
DeepLearning_grid_2_AutoML_5_20260726_213005_model_2,0.0363319646634316,0.0759073252994277,0.1489793506668029,0.0221948469251022
DeepLearning_grid_1_AutoML_5_20260726_213005_model_10,0.0380116959064327,0.1434418394327366,0.1863549280949172,0.0347281592252617
GBM_grid_1_AutoML_5_20260726_213005_model_103,0.0388204553938036,0.0905639777689886,0.1681480727402031,0.0282737743662446
DeepLearning_grid_1_AutoML_5_20260726_213005_model_8,0.0392559412716187,0.1134202193131471,0.1790831334712102,0.0320707686938673
GBM_grid_1_AutoML_5_20260726_213005_model_7,0.0405001866368047,0.0659101403840681,0.1485754933734141,0.0220746772311534
GBM_grid_1_AutoML_5_20260726_213005_model_74,0.0405001866368047,0.0719012983128431,0.1539026058564854,0.0236860120894167
DeepLearning_1_AutoML_5_20260726_213005,0.0409356725146198,0.1227023227745133,0.1829283013735808,0.0334627634434236
DeepLearning_grid_2_AutoML_5_20260726_213005_model_1,0.0409356725146198,0.2384212161813817,0.2151903473705924,0.0463068856014762
GBM_grid_1_AutoML_5_20260726_213005_model_67,0.0417444320019907,0.0760511343742136,0.1672951100665697,0.0279876538521856
GBM_grid_1_AutoML_5_20260726_213005_model_115,0.0417444320019907,0.0868755024505949,0.1709986172136313,0.029240527088974
DeepLearning_grid_1_AutoML_5_20260726_213005_model_13,0.0421799178798059,0.108281340461016,0.1778984148007008,0.0316478459886022
DeepLearning_grid_3_AutoML_5_20260726_213005_model_1,0.043859649122807,0.0963354041284003,0.1671707810534933,0.027946070038035
DeepLearning_grid_1_AutoML_5_20260726_213005_model_1,0.045103894487993,0.1353014032490267,0.197583060991554,0.0390390659907921
GBM_grid_1_AutoML_5_20260726_213005_model_113,0.0492721164613661,0.0824922971127603,0.1671412482513169,0.0279361968670083
GBM_grid_1_AutoML_5_20260726_213005_model_117,0.0546845837999253,0.5152854046052128,0.4081115886240362,0.1665550687692345
GBM_grid_1_AutoML_5_20260726_213005_model_99,0.0605325370162996,0.1365518088648572,0.2050464960073026,0.0420440655248727
GBM_grid_1_AutoML_5_20260726_213005_model_64,0.0826801045166106,0.2436109129612612,0.2432904636119096,0.0591902496844979
DeepLearning_grid_2_AutoML_5_20260726_213005_model_4,0.1854547716809755,0.5218945338230866,0.414312222654509,0.1716546178409194
