framework,framework_version,dataset,status,seed,folds,optimization_metric,search_space,population_size,maximum_runtime_minutes,maximum_pipeline_evaluation_minutes,train_rows,test_rows,number_of_features,number_of_categorical_features,number_of_numerical_features,training_runtime_seconds,prediction_runtime_seconds,total_runtime_seconds,accuracy,macro_precision,macro_recall,macro_f1,positive_class_precision,positive_class_recall,positive_class_f1,roc_auc,true_negatives,false_positives,false_negatives,true_positives,selected_pipeline
TPOT,1.1.0,Home Credit Default Risk,Completed,42,3,ROC AUC,linear,3,60,20,246008,61503,120,16,104,30546.673892400002,6.9812600999975984,30553.6551525,0.9192722306228964,0.4596361153114482,0.5,0.4789691717284672,0.0,0.0,0.0,0.5953169195226538,56538,0,4965,0,"Pipeline(steps=[('pipeline-1',
                 Pipeline(steps=[('impute_categorical',
                                  ColumnSimpleImputer(columns=['NAME_CONTRACT_TYPE',
                                                               'CODE_GENDER',
                                                               'FLAG_OWN_CAR',
                                                               'FLAG_OWN_REALTY',
                                                               'NAME_TYPE_SUITE',
                                                               'NAME_INCOME_TYPE',
                                                               'NAME_EDUCATION_TYPE',
                                                               'NAME_FAMILY_STATUS',
                                                               'NAME_HOUSING_TYPE',
                                                               'OCCUPATION_TYPE',
                                                               'WEEKDAY_APPR_PROCESS_START',
                                                               'ORGANIZATION_TYPE',
                                                               'FONDKAPREMONT_MOD...
                          steps=[('normalizer', Normalizer(norm=np.str_('l2'))),
                                 ('passthrough', Passthrough()),
                                 ('featureunion-1',
                                  FeatureUnion(transformer_list=[('skiptransformer',
                                                                  SkipTransformer()),
                                                                 ('passthrough',
                                                                  Passthrough())])),
                                 ('featureunion-2',
                                  FeatureUnion(transformer_list=[('skiptransformer',
                                                                  SkipTransformer()),
                                                                 ('passthrough',
                                                                  Passthrough())])),
                                 ('gaussiannb', GaussianNB())]))])"
